node_id,count,A,r,cL,word
0,0,82,7460635,5434991371585317374247667317221,1.2.1.1.1.1.1.1.1.1.2.3.1.1.1.1.1.2.1.1.1.1.1.1.1.3.1.1.1.2.2.1.2.2.2.1.1.1.3.2.1.2.1.1.1.1.1.1.2.1.1.1.1.1.1.1.1.1.1.1.1.2.1.1
1,0,82,11190953,6435647565083359048300925843543,2.1.1.1.1.1.1.1.1.2.3.1.1.1.1.1.2.1.1.1.1.1.1.1.3.1.1.1.2.2.1.2.2.2.1.1.1.3.2.1.2.1.1.1.1.1.1.2.1.1.1.1.1.1.1.1.1.1.1.1.2.1.1.1
2,0,87,13670559,4720138797051422791654260606049,1.1.1.1.2.1.1.1.1.1.1.3.1.3.2.1.1.1.1.1.1.1.1.1.2.1.3.1.1.1.1.3.1.1.4.1.1.3.1.2.1.1.1.2.1.1.1.1.1.1.1.2.1.1.1.3.1.1.1.1.3.1.1.1
3,0,87,12833247,5496953811044676222730482780961,1.1.1.1.3.1.1.1.2.1.2.1.1.1.1.1.1.1.2.1.1.1.1.1.1.2.1.1.2.1.1.1.1.2.1.1.1.1.2.1.2.1.4.1.1.3.1.2.1.1.1.1.1.1.1.1.2.1.3.1.2.1.2.3
4,0,88,6514687,3549800958111928978326955447553,1.1.1.1.1.1.1.1.1.1.2.1.1.1.2.1.1.1.2.1.1.1.1.2.4.2.1.1.1.2.1.1.2.1.1.2.1.1.2.2.1.1.1.3.3.1.1.1.1.2.1.1.1.3.3.3.1.1.1.1.1.1.1.1
5,0,88,6206655,7268624944579844097135040415809,1.1.1.1.1.2.3.2.1.1.2.1.1.1.1.1.2.2.2.1.1.1.1.1.1.1.1.1.2.1.1.1.3.1.2.3.1.1.3.2.1.2.2.2.1.1.1.1.1.1.1.2.1.2.1.1.1.2.1.1.1.1.1.2
6,0,88,7826591,4979968138733690707053831860321,1.1.1.1.2.1.1.1.2.1.2.1.1.1.2.2.2.1.1.1.1.2.1.1.1.1.4.1.2.3.2.2.1.1.1.1.1.1.2.1.1.2.1.2.2.1.1.1.1.2.1.1.1.2.2.1.1.1.2.2.1.1.1.1
7,0,88,3037039,8393647332622046383472707286417,1.1.1.2.1.3.1.1.1.1.1.1.3.1.1.2.2.2.1.3.1.1.2.1.1.1.2.1.1.2.1.1.1.2.1.1.1.1.2.2.1.1.1.2.1.1.2.1.1.1.1.1.2.1.4.2.1.1.1.1.2.1.1.1
8,0,88,10443495,6151092993496134987486470478361,1.1.2.1.1.2.1.1.1.1.3.1.1.1.1.1.3.1.2.2.2.1.1.1.1.1.1.2.1.1.1.1.1.1.1.1.1.1.1.1.4.2.1.2.2.3.1.3.1.1.1.2.1.2.1.1.1.2.1.1.1.1.1.2
9,0,88,4555559,10873783831291724005414498775513,1.1.2.1.3.1.1.1.1.1.1.3.1.1.2.2.2.1.3.1.1.2.1.1.1.2.1.1.2.1.1.1.2.1.1.1.1.2.2.1.1.1.2.1.1.2.1.1.1.1.1.2.1.4.2.1.1.1.1.2.1.1.1.1
10,0,88,8837211,6748682228337645234083748640933,1.2.1.1.2.1.1.1.1.1.2.2.2.1.1.1.1.1.1.1.1.1.2.1.1.1.3.1.2.3.1.1.3.2.1.2.2.2.1.1.1.1.1.1.1.2.1.2.1.1.1.2.1.1.1.1.1.2.2.1.1.2.1.2
11,0,88,9612297,18443370263618502020363311689463,2.1.1.2.3.1.1.2.1.2.1.1.2.1.1.1.1.1.1.2.1.2.1.1.2.1.2.2.1.2.2.1.1.2.1.2.1.1.1.1.1.1.2.1.1.1.2.1.1.2.2.2.1.1.1.2.1.1.1.2.1.1.1.2
12,0,89,13029375,3665918095931345471996061805825,1.1.1.1.1.1.1.1.1.1.1.3.1.1.2.1.1.1.2.1.1.1.1.2.4.2.1.1.1.2.1.1.2.1.1.2.1.1.2.2.1.1.1.3.3.1.1.1.1.2.1.1.1.3.3.3.1.1.1.1.1.1.1.1
13,0,89,10906367,11197297168042357752098310410753,1.1.1.1.1.1.1.2.4.1.1.2.1.2.1.2.1.1.1.1.1.4.2.1.1.1.1.1.6.1.2.1.1.1.1.1.2.4.1.1.1.2.1.1.2.1.2.1.1.1.1.1.1.1.1.1.1.1.1.1.1.1.1.2
14,0,89,16995455,4407910626569069891415833110657,1.1.1.1.1.1.2.2.2.1.1.1.1.2.1.1.1.1.2.1.1.1.1.3.1.1.2.1.1.1.1.1.1.1.1.1.1.1.2.2.1.2.1.1.1.3.3.2.1.1.1.1.1.1.1.1.2.1.1.4.4.1.1.3
15,0,89,18048031,6032031493215260734418336069857,1.1.1.1.2.2.1.1.1.1.2.2.1.3.1.1.2.1.1.2.1.1.1.2.2.1.1.2.1.1.2.1.2.1.1.1.1.1.2.1.3.1.1.2.1.3.1.1.2.2.1.1.2.1.1.1.1.2.1.2.1.2.1.1
16,0,89,18601519,6797092158308319045032953870033,1.1.1.2.2.1.1.1.1.2.1.1.1.1.1.1.2.1.1.1.1.1.1.2.2.2.1.1.1.2.2.4.5.1.1.1.5.1.1.1.1.1.1.1.2.1.2.1.1.1.1.3.1.1.1.1.1.1.1.1.1.2.1.1
17,0,89,17831783,8158709961386362099092292033945,1.1.2.1.1.1.1.1.1.3.2.1.2.2.1.1.1.3.1.2.1.3.2.1.1.1.1.1.2.2.1.1.1.1.1.1.1.1.1.1.1.2.1.2.5.1.1.2.1.1.2.1.2.1.1.2.1.1.1.1.1.2.1.1
18,0,89,7209223,12974184113893203730375202690041,1.1.2.3.1.1.2.1.2.1.1.2.1.1.1.1.1.1.2.1.2.1.1.2.1.2.2.1.2.2.1.1.2.1.2.1.1.1.1.1.1.2.1.1.1.2.1.1.2.2.2.1.1.1.2.1.1.1.2.1.1.1.2.3
19,0,89,17674423,10063680636382777983509648192585,1.1.3.1.2.1.1.1.1.1.2.2.2.1.1.1.1.1.1.1.1.1.2.1.1.1.3.1.2.3.1.1.3.2.1.2.2.2.1.1.1.1.1.1.1.2.1.2.1.1.1.2.1.1.1.1.1.2.2.1.1.2.1.2
20,0,89,3977719,15346674976714113818845401445129,1.1.3.2.1.1.1.1.2.1.1.1.1.1.3.1.4.1.3.1.1.1.2.1.1.1.2.1.1.1.1.1.2.2.1.1.2.1.1.2.1.1.4.1.1.1.1.1.1.1.1.1.1.1.1.2.2.1.1.1.1.4.1.1
21,0,89,4637979,5875646579855319531384455449573,1.2.1.1.1.1.1.2.1.1.1.2.1.2.1.1.1.2.2.2.1.1.1.1.2.1.1.1.1.4.1.2.3.2.2.1.1.1.1.1.1.2.1.1.2.1.2.2.1.1.1.1.2.1.1.1.2.2.1.1.1.2.2.1
22,0,89,14297769,6081570677345103070600885768279,2.1.1.1.1.1.1.1.1.1.1.1.1.2.1.3.2.1.1.1.3.2.1.1.2.1.1.1.1.2.1.2.2.1.2.2.1.1.1.1.1.1.1.1.2.1.2.2.2.1.1.1.3.1.1.1.3.1.1.3.1.1.2.1
23,0,89,7692969,6539980152870557445143442872407,2.1.1.1.1.1.1.1.1.2.1.1.3.1.1.1.1.3.1.3.1.1.2.1.2.1.1.1.1.1.2.1.1.1.1.1.1.1.1.1.2.2.1.3.1.4.1.1.1.2.1.1.1.1.2.3.3.1.1.1.2.1.1.1
24,0,89,16908665,9158340031297071389735967631751,2.1.2.1.1.1.1.1.3.1.1.1.1.1.2.1.1.2.2.1.1.1.1.1.1.1.1.2.1.1.1.1.1.1.2.2.1.1.1.2.5.1.2.1.1.4.1.1.1.1.1.1.1.2.1.2.1.1.1.1.1.3.2.2
25,0,89,9428665,44132845304288827649925980589127,2.1.2.3.2.1.2.1.1.1.1.2.1.1.1.1.1.3.1.4.1.3.1.1.1.2.1.1.1.2.1.1.1.1.1.2.2.1.1.2.1.1.2.1.1.4.1.1.1.1.1.1.1.1.1.1.1.1.2.2.1.1.1.1
26,0,89,7687505,21140094003377662513392895124911,2.3.1.1.1.1.1.2.1.1.1.2.2.2.1.3.1.1.2.1.1.1.2.1.1.2.1.1.1.2.1.1.1.1.2.2.1.1.1.2.1.1.2.1.1.1.1.1.2.1.4.2.1.1.1.1.2.1.1.1.1.2.2.1
27,0,90,15914751,6773314724120325126716977636865,1.1.1.1.1.1.1.2.1.2.1.1.1.1.2.1.3.4.2.1.1.2.2.1.2.1.1.1.1.5.1.1.1.1.1.2.1.1.1.1.1.2.1.1.1.1.1.1.1.1.1.2.2.1.2.2.1.2.2.2.1.1.2.1
28,0,90,18619967,14938816678164328667158147849921,1.1.1.1.1.5.2.1.1.2.1.1.1.1.1.2.2.2.1.1.1.1.1.1.1.1.1.2.1.1.1.3.1.2.3.1.1.3.2.1.2.2.2.1.1.1.1.1.1.1.2.1.2.1.1.1.2.1.1.1.1.1.2.2
29,0,90,2943135,12300834851248952102915333665889,1.1.1.1.2.1.1.1.1.1.3.2.2.3.1.3.1.1.1.2.1.1.1.1.1.3.1.4.1.3.1.1.1.2.1.1.1.2.1.1.1.1.1.2.2.1.1.2.1.1.2.1.1.4.1.1.1.1.1.1.1.1.1.1
30,0,90,2643183,4794360534574388501321663723537,1.1.1.2.1.1.1.1.1.1.1.2.1.2.1.3.2.1.1.2.1.1.1.1.2.3.1.3.1.1.1.1.1.1.1.1.1.1.2.1.4.1.1.1.3.1.1.1.4.1.2.1.2.2.1.2.1.1.1.1.2.1.1.1
31,0,90,7297127,9378902718268562023382446152857,1.1.2.1.1.1.2.2.2.1.3.1.1.2.1.1.1.2.1.1.2.1.1.1.2.1.1.1.1.2.2.1.1.1.2.1.1.2.1.1.1.1.1.2.1.4.2.1.1.1.1.2.1.1.1.1.2.2.1.2.2.3.1.1
32,0,90,6297895,21859127886365693640957048396761,1.1.2.1.3.2.2.1.1.1.2.1.3.1.2.1.1.1.2.1.2.1.1.1.2.1.1.3.1.1.1.1.1.1.1.3.1.1.1.1.1.2.3.1.1.1.1.2.1.1.1.1.1.1.1.2.1.2.2.1.2.2.2.1
33,0,90,10250007,27041818084392950729546277428713,1.1.5.1.1.1.1.1.2.1.1.1.2.2.2.1.3.1.1.2.1.1.1.2.1.1.2.1.1.1.2.1.1.1.1.2.2.1.1.1.2.1.1.2.1.1.1.1.1.2.1.4.2.1.1.1.1.2.1.1.1.1.2.2
34,0,90,15665243,7509952322602856911435143563429,1.2.1.1.2.1.1.1.1.3.1.1.1.1.1.3.1.2.2.2.1.1.1.1.1.1.2.1.1.1.1.1.1.1.1.1.1.1.1.4.2.1.2.2.3.1.3.1.1.1.2.1.2.1.1.1.2.1.1.1.1.1.2.3
35,0,90,11933163,25438540978406909238726559361813,1.2.2.1.1.1.1.1.1.2.1.2.1.5.2.2.1.3.1.1.1.2.1.1.1.2.1.1.1.1.1.2.2.1.1.2.1.1.2.1.1.4.1.1.1.1.1.1.1.1.1.1.1.1.2.2.1.1.1.1.4.1.1.1
36,0,90,18857331,84832006788285142815194112088973,1.3.2.3.2.1.2.1.1.1.1.2.1.1.1.1.1.3.1.4.1.3.1.1.1.2.1.1.1.2.1.1.1.1.1.2.2.1.1.2.1.1.2.1.1.4.1.1.1.1.1.1.1.1.1.1.1.1.2.2.1.1.1.1
37,0,90,15375011,38846504186462812542127941160541,1.5.1.1.1.1.1.2.1.1.1.2.2.2.1.3.1.1.2.1.1.1.2.1.1.2.1.1.1.2.1.1.1.1.2.2.1.1.1.2.1.1.2.1.1.1.1.1.2.1.4.2.1.1.1.1.2.1.1.1.1.2.2.1
38,0,90,19022249,7299046048715533570713251608919,2.1.1.1.1.1.3.1.1.1.1.1.2.1.1.2.2.1.1.1.1.1.1.1.1.2.1.1.1.1.1.1.2.2.1.1.1.2.5.1.2.1.1.4.1.1.1.1.1.1.1.2.1.2.1.1.1.1.1.3.2.2.1.3
39,0,90,19197993,9502334820461664441496799988439,2.1.1.1.1.2.2.1.1.1.2.1.1.3.2.2.1.1.1.1.1.2.1.1.1.2.1.2.1.1.1.2.1.2.3.1.1.1.1.1.1.2.1.1.2.2.1.1.1.3.2.1.1.1.2.2.1.2.2.1.1.1.1.2
40,0,90,11581665,8980712485738002682717970573855,2.2.1.1.1.1.1.1.1.1.1.1.2.1.1.1.2.1.1.1.2.1.1.1.1.2.4.2.1.1.1.2.1.1.2.1.1.2.1.1.2.2.1.1.1.3.3.1.1.1.1.2.1.1.1.3.3.3.1.1.1.1.1.1
41,0,90,8678241,16470190201812384299785309845407,2.2.1.1.2.1.1.1.2.1.1.2.1.1.1.4.2.1.1.2.1.1.3.1.1.1.1.3.1.1.1.2.1.2.2.1.2.1.1.2.1.1.2.1.2.1.1.1.1.1.2.1.1.1.2.1.1.1.1.2.1.1.1.3
42,0,90,7955437,34127033773720740122348651979539,3.2.1.2.1.1.1.1.2.1.1.1.1.1.3.1.4.1.3.1.1.1.2.1.1.1.2.1.1.1.1.1.2.2.1.1.2.1.1.2.1.1.4.1.1.1.1.1.1.1.1.1.1.1.1.2.2.1.1.1.1.4.1.1
43,0,91,14658047,3695334236648476276749244371713,1.1.1.1.1.1.1.1.2.1.1.1.2.1.1.1.2.1.1.1.1.2.4.2.1.1.1.2.1.1.2.1.1.2.1.1.2.2.1.1.1.3.3.1.1.1.1.2.1.1.1.3.3.3.1.1.1.1.1.1.1.1.1.4
44,0,91,13659775,3643405973747613510102005960321,1.1.1.1.1.1.2.1.1.1.1.1.1.1.1.1.1.1.1.2.1.1.1.1.1.1.1.1.3.2.1.3.1.1.1.2.2.1.1.1.1.3.1.1.1.1.3.1.2.1.1.4.3.2.2.2.1.1.2.1.2.1.3.2
45,0,91,6858175,3815292885994450829567294134081,1.1.1.1.1.2.1.1.1.1.1.1.1.1.1.1.1.1.1.1.1.1.1.3.1.1.1.1.3.1.2.1.1.1.2.1.2.2.5.1.2.1.2.2.1.3.2.1.1.1.2.1.5.1.2.2.1.1.1.2.1.1.1.1
46,0,91,16825535,7422352945738542402676797489217,1.1.1.1.1.2.3.1.1.1.1.2.3.1.2.1.1.2.1.1.1.1.1.1.1.1.4.1.2.1.2.3.1.1.1.1.1.1.1.3.3.1.2.1.1.1.1.1.2.1.2.1.3.1.1.2.1.1.3.1.1.1.1.1
47,0,91,18984255,6293083930159626459506558685121,1.1.1.1.1.3.1.2.1.1.2.1.3.1.1.1.1.1.1.1.2.2.2.1.1.1.1.1.2.1.2.2.1.1.1.1.1.1.1.1.1.2.1.3.2.1.2.1.1.1.1.2.2.1.5.3.1.1.2.2.1.1.1.1
48,0,91,11174719,35389779996920202958803380861377,1.1.1.1.1.3.2.2.3.1.3.1.1.1.2.1.1.1.1.1.3.1.4.1.3.1.1.1.2.1.1.1.2.1.1.1.1.1.2.2.1.1.2.1.1.2.1.1.4.1.1.1.1.1.1.1.1.1.1.1.1.2.2.1
49,0,91,13585567,7224856673234417910667603169377,1.1.1.1.2.1.1.1.2.1.1.1.5.1.1.3.2.1.1.1.1.1.1.1.1.2.1.1.1.1.4.1.1.1.1.1.1.1.2.4.1.1.2.1.1.1.1.2.1.1.1.1.3.2.3.1.2.1.1.1.1.1.3.1
50,0,91,19134111,4484162551146795245324516894305,1.1.1.1.2.1.1.2.1.1.1.2.1.1.1.1.1.2.1.1.1.1.1.1.1.3.2.3.3.1.3.1.1.1.1.1.1.3.2.1.1.2.1.1.1.1.2.2.1.2.2.1.1.1.2.2.1.2.3.1.2.1.1.1
51,0,91,8829407,30036374853201116719705201943329,1.1.1.1.3.1.1.1.1.3.2.2.3.1.3.1.1.1.2.1.1.1.1.1.3.1.4.1.3.1.1.1.2.1.1.1.2.1.1.1.1.1.2.2.1.1.2.1.1.2.1.1.4.1.1.1.1.1.1.1.1.1.1.1
52,0,91,16762079,51369066025273333576151045871649,1.1.1.1.3.2.2.3.1.3.1.1.1.2.1.1.1.1.1.3.1.4.1.3.1.1.1.2.1.1.1.2.1.1.1.1.1.2.2.1.1.2.1.1.2.1.1.4.1.1.1.1.1.1.1.1.1.1.1.1.2.2.1.1
53,0,91,13244111,43338958309694704217503777494577,1.1.1.3.1.1.1.1.3.2.2.3.1.3.1.1.1.2.1.1.1.1.1.3.1.4.1.3.1.1.1.2.1.1.1.2.1.1.1.1.1.2.2.1.1.2.1.1.2.1.1.4.1.1.1.1.1.1.1.1.1.1.1.1
54,0,91,13702759,7085104511110444763716678508185,1.1.2.1.1.1.3.1.2.1.1.1.2.1.2.1.1.1.1.2.1.1.1.1.1.1.3.1.1.1.1.1.2.1.2.1.2.1.2.1.1.1.2.4.3.3.1.1.1.1.1.1.1.1.1.2.4.1.2.1.1.2.1.1
55,0,91,16220755,18033215552833596180878008465069,1.3.1.1.1.3.2.1.1.2.1.1.1.1.1.1.2.1.2.1.1.2.1.2.2.1.2.2.1.1.2.1.2.1.1.1.1.1.1.2.1.1.1.2.1.1.2.2.2.1.1.1.2.1.1.1.2.1.1.1.2.3.1.3
56,0,91,6508681,11494531181295981448743244892791,2.1.1.2.1.1.1.2.1.1.2.1.1.1.4.2.1.1.2.1.1.3.1.1.1.1.3.1.1.1.2.1.2.2.1.2.1.1.2.1.1.2.1.2.1.1.1.1.1.2.1.1.1.2.1.1.1.1.2.1.1.1.3.3
57,0,91,19904457,73446578930691314505043804349239,2.1.1.4.1.1.2.1.3.2.2.1.1.1.2.1.3.1.2.1.1.1.2.1.2.1.1.1.2.1.1.3.1.1.1.1.1.1.1.3.1.1.1.1.1.2.3.1.1.1.1.2.1.1.1.1.1.1.1.2.1.2.2.1
58,0,91,16220753,24900583193418621150193706643631,2.3.1.1.2.1.2.1.1.2.1.1.1.1.1.1.2.1.2.1.1.2.1.2.2.1.2.2.1.1.2.1.2.1.1.1.1.1.1.2.1.1.1.2.1.1.2.2.2.1.1.1.2.1.1.1.2.1.1.1.2.3.1.3
59,0,91,16197541,45909855087388894619890455807835,4.1.1.1.2.1.3.1.1.1.1.1.1.3.1.1.2.2.2.1.3.1.1.2.1.1.1.2.1.1.2.1.1.1.2.1.1.1.1.2.2.1.1.1.2.1.1.2.1.1.1.1.1.2.1.4.2.1.1.1.1.2.1.1
60,0,92,18846191,5186396896319917500819105184529,1.1.1.2.1.1.2.1.1.1.1.3.1.1.1.1.2.1.1.3.1.1.2.1.2.1.1.1.2.2.1.3.1.1.1.1.1.1.2.1.3.1.2.2.1.1.1.1.2.1.1.2.3.1.1.1.2.1.1.2.3.3.1.1
61,0,92,16193071,7196280247621370634186158126801,1.1.1.2.2.1.1.1.1.2.2.1.1.1.3.3.1.1.1.1.2.1.1.1.1.1.1.1.1.1.2.1.1.1.2.2.4.1.1.1.2.1.1.1.3.2.1.1.1.1.1.1.1.3.1.1.3.1.1.1.1.2.3.3
62,0,92,5311591,5326794686702841287644441536665,1.1.2.1.1.1.2.1.1.1.1.1.1.2.1.2.2.1.3.1.1.1.1.2.1.1.2.3.1.2.1.1.1.1.2.1.1.1.1.1.1.1.2.1.1.2.2.1.1.1.5.1.1.4.2.1.1.1.1.4.1.2.1.1
63,0,92,12404551,8695723681287521556876231790009,1.1.2.2.1.1.3.1.1.1.1.1.1.1.1.1.1.1.1.2.2.2.1.1.1.2.4.2.1.1.2.2.1.2.1.1.1.1.1.2.1.1.1.3.1.1.2.1.1.1.2.1.1.1.2.3.1.1.1.2.1.1.4.2
64,0,92,5947163,6496753852475840247495055921637,1.2.1.1.1.1.1.1.1.2.1.2.1.3.2.1.1.2.1.1.1.1.2.3.1.3.1.1.1.1.1.1.1.1.1.1.2.1.4.1.1.1.3.1.1.1.4.1.2.1.2.2.1.2.1.1.1.1.2.1.1.1.1.3
65,0,92,8495387,16572878973598587935773287477221,1.2.1.1.1.1.1.3.1.4.1.3.1.1.1.2.1.1.1.2.1.1.1.1.1.2.2.1.1.2.1.1.2.1.1.4.1.1.1.1.1.1.1.1.1.1.1.1.2.2.1.1.1.1.4.1.1.1.1.4.3.1.2.1
66,0,92,14437403,5755230073337859537258672669925,1.2.1.1.1.1.2.1.2.1.1.1.1.1.1.1.2.1.1.1.1.1.1.2.1.1.2.1.1.1.1.2.1.1.1.1.2.1.2.1.4.1.1.3.1.2.1.1.1.1.1.1.1.1.2.1.3.1.2.1.2.3.4.4
67,0,92,14045435,6730887591323583152784758169605,1.2.1.2.1.1.1.1.1.1.2.1.1.1.2.1.1.1.2.2.2.1.1.1.1.1.2.2.1.1.2.1.2.1.1.3.1.1.2.1.2.1.1.1.1.1.1.4.1.2.1.1.4.4.1.1.1.1.2.1.1.1.1.3
68,0,92,11308969,11011207700700021567060855597911,2.1.1.1.1.1.2.1.2.2.2.1.2.1.2.1.1.1.1.1.1.1.2.1.2.1.1.5.2.1.3.2.1.1.1.1.1.2.1.1.3.2.1.1.1.2.2.1.1.2.1.1.2.1.1.1.1.3.2.1.1.1.1.1
69,0,92,16539401,12737208928428485730354393250807,2.1.1.2.2.1.1.3.1.1.1.1.1.1.1.1.1.1.1.1.2.2.2.1.1.1.2.4.2.1.1.2.2.1.2.1.1.1.1.1.2.1.1.1.3.1.1.2.1.1.1.2.1.1.1.2.3.1.1.1.2.1.1.4
70,0,92,10392289,13416916336186214932155653640223,2.2.1.1.1.1.2.1.1.3.1.1.1.3.2.1.1.1.1.1.1.2.1.1.1.2.1.1.1.2.2.2.1.1.1.1.1.2.2.1.1.2.1.2.1.1.3.1.1.2.1.2.1.1.1.1.1.1.4.1.2.1.1.4
71,0,92,14899617,75798754578278827476853384726879,2.2.1.2.2.1.2.3.2.1.2.1.1.1.1.2.1.1.1.1.1.3.1.4.1.3.1.1.1.2.1.1.1.2.1.1.1.1.1.2.2.1.1.2.1.1.2.1.1.4.1.1.1.1.1.1.1.1.1.1.1.1.2.2
72,0,92,12972669,20867578523858769122206388438147,3.1.1.1.2.1.1.1.2.2.2.1.3.1.1.2.1.1.1.2.1.1.2.1.1.1.2.1.1.1.1.2.2.1.1.1.2.1.1.2.1.1.1.1.1.2.1.4.2.1.1.1.1.2.1.1.1.1.2.2.1.2.2.3
73,0,92,13424805,40207815206719555891959431911003,4.1.1.1.1.2.1.1.1.1.1.3.1.4.1.3.1.1.1.2.1.1.1.2.1.1.1.1.1.2.2.1.1.2.1.1.2.1.1.4.1.1.1.1.1.1.1.1.1.1.1.1.2.2.1.1.1.1.4.1.1.1.1.4
74,0,93,13002751,3527677774304892852961962644737,1.1.1.1.1.1.1.1.1.1.2.1.1.1.1.1.1.1.1.1.3.1.1.1.1.1.1.2.1.2.2.3.3.2.1.1.2.1.1.4.1.1.2.3.1.1.1.1.1.2.1.1.1.3.1.1.2.1.3.1.2.4.2.1
75,0,93,16817151,4103887360552880842546475049217,1.1.1.1.1.1.1.1.1.2.1.1.1.1.3.1.1.1.2.4.1.2.1.1.1.1.2.3.1.4.1.1.1.1.1.1.1.1.3.1.1.1.1.1.1.1.1.3.2.1.1.1.2.1.1.1.4.1.1.1.2.6.1.1
76,0,93,4828799,3737727627772624522912840322689,1.1.1.1.1.1.2.1.1.1.1.1.2.1.1.1.1.2.1.1.1.1.1.1.1.1.1.1.1.2.4.2.1.1.2.1.1.2.1.3.2.1.1.1.2.1.2.1.1.1.1.4.1.4.2.4.2.2.1.2.1.1.2.1
77,0,93,18539135,4270105811176613164346960992897,1.1.1.1.1.1.2.1.2.1.2.1.1.1.2.1.1.1.2.2.1.2.2.1.1.1.1.2.1.1.2.1.1.2.2.1.1.4.1.1.1.1.2.1.1.1.2.1.1.2.1.1.2.3.1.1.1.6.3.2.1.1.1.1
78,0,93,14335967,23039787841561949451914783202593,1.1.1.1.3.1.4.1.3.1.1.1.2.1.1.1.2.1.1.1.1.1.2.2.1.1.2.1.1.2.1.1.4.1.1.1.1.1.1.1.1.1.1.1.1.2.2.1.1.1.1.4.1.1.1.1.4.3.1.2.1.2.1.2
79,0,93,11869423,5757595915434810598652939890705,1.1.1.2.1.1.1.1.1.3.1.1.1.1.1.1.2.2.1.3.2.1.2.3.2.1.1.1.1.1.4.1.1.1.1.1.1.1.1.1.1.1.1.1.2.1.1.1.3.2.1.2.4.1.1.1.1.1.1.3.1.1.5.1
80,0,93,19083887,12369312016014497283515659246225,1.1.1.2.1.2.2.2.1.2.1.2.1.1.1.1.1.1.1.2.1.2.1.1.5.2.1.3.2.1.1.1.1.1.2.1.1.3.2.1.1.1.2.2.1.1.2.1.1.2.1.1.1.1.3.2.1.1.1.1.1.2.2.1
81,0,93,17623399,6304346142799411120331367123865,1.1.2.1.1.1.1.3.1.1.1.1.1.3.1.2.2.2.1.1.1.1.1.1.2.1.1.1.1.1.1.1.1.1.1.1.1.4.2.1.2.2.3.1.3.1.1.1.2.1.2.1.1.1.2.1.1.1.1.1.2.3.3.3
82,0,93,13770919,5595989619791742780031771907161,1.1.2.1.2.1.1.1.1.1.1.1.1.2.1.1.1.1.4.1.1.1.1.1.1.1.2.4.1.1.2.1.1.1.1.2.1.1.1.1.3.2.3.1.2.1.1.1.1.1.3.1.1.1.2.1.1.2.5.1.4.1.1.1
83,0,93,12192311,7158761377181367838526510029513,1.1.3.1.1.1.1.2.1.1.1.1.1.1.1.1.1.1.1.1.1.1.1.1.1.3.1.1.1.1.3.1.2.1.1.1.2.1.2.2.5.1.2.1.2.2.1.3.2.1.1.1.2.1.5.1.2.2.1.1.1.2.1.1
84,0,93,14644535,16426873322327618518375161196489,1.1.3.1.1.2.1.1.2.1.1.1.4.2.1.1.2.1.1.3.1.1.1.1.3.1.1.1.2.1.2.2.1.2.1.1.2.1.1.2.1.2.1.1.1.1.1.2.1.1.1.2.1.1.1.1.2.1.1.1.3.3.3.1
85,0,93,17064075,52185042938567666100585334767733,1.2.3.1.2.1.3.1.1.2.1.3.1.1.1.1.1.1.3.1.1.2.2.2.1.3.1.1.2.1.1.1.2.1.1.2.1.1.1.2.1.1.1.1.2.2.1.1.1.2.1.1.2.1.1.1.1.1.2.1.4.2.1.1
86,0,93,13294249,8866400135155638301716972593239,2.1.1.1.1.1.1.1.1.1.5.1.1.1.1.2.3.1.2.1.1.2.1.1.1.1.1.1.1.1.4.1.2.1.2.3.1.1.1.1.1.1.1.3.3.1.2.1.1.1.1.1.2.1.2.1.3.1.1.2.1.1.3.1
87,0,93,12743081,23144952430330196421880804919639,2.1.1.1.1.1.3.1.4.1.3.1.1.1.2.1.1.1.2.1.1.1.1.1.2.2.1.1.2.1.1.2.1.1.4.1.1.1.1.1.1.1.1.1.1.1.1.2.2.1.1.1.1.4.1.1.1.1.4.3.1.2.1.2
88,0,93,18560137,7497247677571270987979567244919,2.1.1.2.1.1.1.1.1.1.2.1.1.1.1.1.1.1.1.2.3.1.1.1.2.1.1.1.1.1.2.2.2.1.1.2.1.2.1.1.3.3.3.1.1.3.2.1.2.1.2.2.2.1.2.2.1.1.1.1.1.1.1.3
89,0,93,19114621,36439222315798692396249728420995,3.1.1.1.2.1.1.4.1.3.1.1.1.2.1.1.1.2.1.1.1.1.1.2.2.1.1.2.1.1.2.1.1.4.1.1.1.1.1.1.1.1.1.1.1.1.2.2.1.1.1.1.4.1.1.1.1.4.3.1.2.1.2.1
90,0,94,3873535,4650398671792726967778549211649,1.1.1.1.1.1.1.2.3.1.1.1.3.1.1.1.1.2.1.1.1.1.1.1.1.1.3.1.2.1.1.1.1.1.2.1.1.1.1.2.2.1.1.2.1.1.1.3.2.1.1.1.1.1.1.3.4.1.6.2.1.3.2.1
91,0,94,12600767,4949405711174849322544143513409,1.1.1.1.1.2.1.1.1.1.1.3.1.2.1.3.1.1.1.1.2.1.2.2.1.1.1.1.2.2.1.2.1.1.1.1.2.1.2.2.1.4.3.1.3.2.1.1.1.1.2.3.1.1.1.1.1.1.1.2.2.2.1.2
92,0,94,7587999,4063938851325668323548868695137,1.1.1.1.2.1.1.1.1.1.2.1.1.1.2.1.2.1.1.1.1.1.1.1.2.2.1.4.1.2.1.1.1.1.1.1.3.1.1.1.1.1.1.1.1.1.1.1.3.2.1.2.2.1.1.5.1.1.1.5.1.1.2.5
93,0,94,3732423,8831043328460602151364418281785,1.1.2.2.2.1.1.2.1.1.1.1.1.1.1.1.2.1.2.1.1.1.1.1.1.1.1.1.1.3.1.4.1.1.2.1.1.1.2.1.1.1.1.2.1.1.1.1.1.3.1.2.1.2.2.1.2.1.1.2.1.7.4.1
94,0,94,5314331,5223921089237335404394547902949,1.2.1.1.1.1.1.1.1.1.2.1.2.1.1.1.1.1.1.1.1.1.1.3.1.4.1.1.2.1.1.1.2.1.1.1.1.2.1.1.1.1.1.3.1.2.1.2.2.1.2.1.1.2.1.7.4.1.2.1.1.3.1.1
95,0,94,13337755,8778211808144298919766503197797,1.2.1.1.1.2.2.2.1.2.1.1.1.1.1.1.1.2.1.1.1.4.1.1.2.1.1.1.1.1.1.1.2.1.1.1.1.1.1.2.1.2.1.2.1.1.1.1.1.2.4.1.2.4.1.3.2.1.1.2.1.3.3.1
96,0,94,5656539,16032462104426882606922744922405,1.2.1.1.4.1.1.2.1.1.2.1.2.1.1.1.1.1.1.1.1.1.2.1.3.1.1.1.1.1.2.1.1.1.1.1.1.3.1.4.1.2.1.2.1.1.1.1.1.1.1.1.1.1.2.1.1.4.3.1.1.3.2.4
97,0,94,7971497,6128943244024029906462090303575,2.1.1.1.1.1.1.1.1.2.1.2.1.1.1.1.1.1.1.1.1.1.3.1.4.1.1.2.1.1.1.2.1.1.1.1.2.1.1.1.1.1.3.1.2.1.2.2.1.2.1.1.2.1.7.4.1.2.1.1.3.1.1.1
98,0,94,19553065,11795253243237217643477094522839,2.1.1.1.1.4.1.1.2.1.1.1.1.1.1.2.1.1.1.1.1.1.1.1.2.3.1.1.1.2.1.1.1.1.1.2.2.2.1.1.2.1.2.1.1.3.3.3.1.1.3.2.1.2.1.2.2.2.1.2.2.1.1.1
99,0,95,9554559,6271928973199794050339682677377,1.1.1.1.1.1.2.1.3.2.1.1.3.1.2.1.1.1.1.1.1.1.1.2.2.2.2.1.1.1.1.1.1.1.1.1.1.1.1.1.1.2.2.1.2.1.1.1.2.3.2.1.1.1.4.5.1.3.1.2.3.2.1.1
100,0,95,18677439,6887267574626284938125569293889,1.1.1.1.1.2.2.2.1.1.1.1.2.1.4.1.1.1.1.1.3.2.1.2.1.1.1.1.1.1.1.4.1.1.2.1.1.2.1.2.2.1.2.2.1.3.1.1.1.1.1.1.1.1.1.1.1.5.3.3.1.2.1.1
101,0,95,14266687,4616173066473343401939201215425,1.1.1.1.1.3.1.1.1.1.1.2.1.1.2.2.1.1.1.1.1.1.1.1.2.1.1.1.1.1.1.2.2.1.1.1.2.5.1.2.1.1.4.1.1.1.1.1.1.1.2.1.2.1.1.1.1.1.3.2.2.1.3.7
102,0,95,16238655,6463617124001245163953570428097,1.1.1.1.1.4.1.1.1.1.2.1.1.1.2.1.1.1.1.2.1.1.3.1.1.1.1.1.1.1.1.1.2.1.2.1.2.1.1.2.1.1.2.5.5.1.1.1.1.2.2.2.1.2.1.4.1.2.1.1.3.1.1.1
103,0,95,19496687,10305720112966357221974132788753,1.1.1.2.1.1.1.3.2.1.1.4.1.1.1.1.1.1.1.1.3.3.1.2.1.1.1.2.1.1.1.1.1.2.1.1.1.1.1.1.2.3.1.1.2.3.2.1.1.1.1.1.2.1.1.1.1.4.1.3.4.1.2.1
104,0,95,11991151,8952691362813794598054377886865,1.1.1.2.1.2.1.1.3.3.1.1.1.1.1.1.1.1.1.2.1.1.2.1.2.2.1.2.2.1.1.1.1.1.1.1.1.2.1.1.1.1.1.1.1.1.1.1.1.1.1.2.1.2.3.1.1.1.1.4.7.1.6.1
105,0,95,10088015,17988631235294318182896774659761,1.1.1.3.3.1.2.1.1.1.2.1.2.1.1.1.2.1.1.3.1.1.1.1.1.1.1.3.1.1.1.1.1.2.3.1.1.1.1.2.1.1.1.1.1.1.1.2.1.2.2.1.2.2.2.1.1.1.1.2.3.5.3.1
106,0,95,12676967,4911260882042448590092993660313,1.1.2.1.1.1.1.1.1.1.1.1.2.2.1.1.1.1.1.1.2.2.1.1.1.1.1.2.1.1.1.1.1.2.1.1.1.4.1.1.1.2.1.2.4.1.2.1.4.1.3.1.5.1.2.4.1.1.2.1.1.1.1.2
107,0,95,9647847,8356611146753761541969335696921,1.1.2.1.1.2.1.2.1.1.2.2.1.3.1.1.1.2.1.2.1.1.1.1.1.1.1.2.3.1.1.1.1.1.1.1.3.1.1.2.1.1.1.1.2.1.1.1.1.4.1.4.1.2.3.1.2.1.5.1.2.1.1.1
108,0,95,15132023,25285911983423787116414623432585,1.1.3.3.1.2.1.1.1.2.1.2.1.1.1.2.1.1.3.1.1.1.1.1.1.1.3.1.1.1.1.1.2.3.1.1.1.1.2.1.1.1.1.1.1.1.2.1.2.2.1.2.2.2.1.1.1.1.2.3.5.3.1.1
109,0,95,6843131,7683426242367287064393738765829,1.2.1.2.1.1.2.1.1.1.1.1.1.2.1.2.1.1.2.1.2.2.1.2.2.1.1.2.1.2.1.1.1.1.1.1.2.1.1.1.2.1.1.2.2.2.1.1.1.2.1.1.1.2.1.1.1.2.3.1.3.4.5.1
110,0,95,19530939,9854895428496144782457115110469,1.2.1.3.1.1.1.1.1.1.1.2.1.2.1.2.1.1.1.2.1.1.1.2.2.1.2.2.1.1.1.1.2.1.1.2.1.1.2.2.1.1.4.1.1.1.1.2.1.1.1.2.1.1.2.1.1.2.3.1.1.1.6.3
111,0,95,12402347,50656658136172751253135378645589,1.2.2.2.2.1.1.1.1.1.3.1.1.1.1.3.2.2.3.1.3.1.1.1.2.1.1.1.1.1.3.1.4.1.3.1.1.1.2.1.1.1.2.1.1.1.1.1.2.2.1.1.2.1.1.2.1.1.4.1.1.1.1.1
112,0,95,18432299,23309549037384753656064703987669,1.2.2.3.1.1.1.1.2.1.2.1.2.1.1.2.2.1.1.2.1.2.1.2.1.1.2.3.1.1.1.1.1.1.1.1.1.2.1.2.1.1.1.3.1.1.1.2.1.1.1.1.1.2.2.1.2.1.1.7.1.1.3.1
113,0,95,7987881,6055938790777713729226724694103,2.1.1.1.1.1.1.1.1.2.1.1.1.1.1.2.1.1.3.1.1.1.1.2.1.2.2.3.2.2.1.1.1.1.2.1.1.1.1.1.1.1.1.1.2.1.1.2.1.3.1.1.2.1.1.2.3.2.2.3.1.5.3.1
114,0,95,5164713,7331888142068762728991757986903,2.1.1.1.1.1.1.1.2.3.1.1.1.3.1.1.1.1.2.1.1.1.1.1.1.1.1.3.1.2.1.1.1.1.1.2.1.1.1.1.2.2.1.1.2.1.1.1.3.2.1.1.1.1.1.1.3.4.1.6.2.1.3.2
115,0,95,9379753,9456373748313633182352337476439,2.1.1.1.1.1.2.1.4.1.1.1.1.1.3.1.1.1.1.1.1.1.1.2.2.1.1.1.1.1.1.2.2.1.1.1.1.1.2.1.1.1.1.1.2.1.1.1.4.1.1.1.2.1.2.4.1.2.1.4.1.3.1.5
116,0,95,4723849,7292120561073401087086385219191,2.1.1.2.1.1.1.1.1.1.1.1.2.1.2.1.1.1.1.1.1.1.1.1.1.3.1.4.1.1.2.1.1.1.2.1.1.1.1.2.1.1.1.1.1.3.1.2.1.2.2.1.2.1.1.2.1.7.4.1.2.1.1.3
117,0,95,18701961,12952873022343704080602377059447,2.1.1.2.1.1.2.1.2.2.2.1.1.1.1.1.1.1.2.1.1.2.3.1.2.3.1.2.1.2.1.1.1.1.1.1.1.2.4.1.2.1.1.1.1.2.1.1.2.2.1.1.1.1.1.1.1.1.2.1.1.3.4.3
118,0,95,18363425,22586834585526593456561235783391,2.2.1.3.1.1.1.1.1.1.2.3.1.1.1.3.1.1.1.1.2.1.1.1.1.1.1.1.1.3.1.2.1.1.1.1.1.2.1.1.1.1.2.2.1.1.2.1.1.1.3.2.1.1.1.1.1.1.3.4.1.6.2.1
119,0,95,19315197,11517226690797985606993512201475,3.1.1.1.1.1.2.1.1.1.1.1.2.1.1.1.1.2.1.1.1.1.1.1.1.1.1.1.1.2.4.2.1.1.2.1.1.2.1.3.2.1.1.1.2.1.2.1.1.1.1.4.1.4.2.4.2.2.1.2.1.1.2.1
120,0,96,15134719,4216219818946679952629805075713,1.1.1.1.1.1.1.1.1.1.1.2.1.1.1.1.1.2.1.1.1.1.1.1.1.1.2.1.1.1.6.1.1.2.1.1.1.1.2.2.1.3.1.5.2.1.1.1.2.2.3.2.2.1.2.2.6.1.1.1.1.2.1.1
121,0,96,19685535,9870075540467993136870144621665,1.1.1.1.2.1.1.1.1.3.3.1.3.1.1.1.1.2.1.1.2.1.1.1.1.2.2.1.1.1.1.1.1.1.1.1.1.1.1.1.1.1.3.1.3.6.1.1.2.2.6.2.2.2.1.2.1.1.1.1.2.1.1.1
122,0,96,10700015,4330454275242418714818056177681,1.1.1.2.1.1.1.1.1.1.2.1.1.2.2.1.1.1.1.1.1.1.1.2.1.1.1.1.1.1.2.2.1.1.1.2.5.1.2.1.1.4.1.1.1.1.1.1.1.2.1.2.1.1.1.1.1.3.2.2.1.3.7.3
123,0,96,8306799,5738314643591584554506907372689,1.1.1.2.1.2.1.1.1.1.1.1.1.1.2.4.1.1.1.3.1.1.1.1.1.1.1.1.2.1.1.1.1.1.1.1.1.1.1.4.1.1.5.1.1.1.1.7.2.2.2.1.1.2.1.3.1.1.3.1.1.3.1.1
124,0,96,14911183,6559196860425666865947091379761,1.1.1.3.1.1.1.1.2.1.1.2.1.1.1.2.1.1.3.1.1.1.1.1.3.2.1.1.2.1.1.1.2.1.1.2.1.2.1.1.1.1.1.2.1.1.1.1.2.1.1.4.1.3.1.3.1.4.4.2.1.2.1.2
125,0,96,16536463,66371240187294742730096707180913,1.1.1.4.2.2.1.1.1.1.1.3.1.1.1.1.3.2.2.3.1.3.1.1.1.2.1.1.1.1.1.3.1.4.1.3.1.1.1.2.1.1.1.2.1.1.1.1.1.2.2.1.1.2.1.1.2.1.1.4.1.1.1.1
126,0,96,13421671,5996023577809259889439226275993,1.1.2.1.1.1.2.1.1.1.1.2.3.1.1.3.1.1.1.1.1.1.1.1.1.1.1.2.1.1.1.1.5.3.1.1.1.1.1.1.1.1.1.1.2.1.3.1.2.2.4.1.1.1.1.1.1.1.1.2.4.3.4.2
127,0,96,7904231,28251195144367044413757457160473,1.1.2.1.1.5.1.1.1.1.1.1.2.1.1.1.1.1.1.3.1.3.1.2.3.3.1.1.1.2.4.2.1.1.1.1.1.1.1.1.1.1.1.1.2.1.2.1.1.1.1.1.1.1.2.1.1.1.1.1.1.9.1.2
128,0,96,11197271,19645569385425347569175942654377,1.1.4.2.1.1.2.1.1.1.1.1.1.1.1.2.1.2.1.1.1.1.1.1.1.1.1.1.3.1.4.1.1.2.1.1.1.2.1.1.1.1.2.1.1.1.1.1.3.1.2.1.2.2.1.2.1.1.2.1.7.4.1.2
129,0,96,10586907,8314937822560752021297145415141,1.2.1.1.1.1.1.1.2.2.1.4.2.1.1.1.1.1.1.1.2.1.1.1.1.1.1.1.1.1.1.1.1.1.1.3.1.1.2.2.1.1.1.1.2.1.1.1.1.2.4.3.1.1.1.5.1.3.6.2.1.1.2.1
130,0,96,18759507,15479063676334753880046825863597,1.3.1.1.1.1.2.1.4.1.1.1.1.1.3.1.1.1.1.1.1.1.1.2.2.1.1.1.1.1.1.2.2.1.1.1.1.1.2.1.1.1.1.1.2.1.1.1.4.1.1.1.2.1.2.4.1.2.1.4.1.3.1.5
131,0,96,9447699,11150557301854289689514921349101,1.3.1.2.1.1.1.1.1.1.1.1.2.1.2.1.1.1.1.1.1.1.1.1.1.3.1.4.1.1.2.1.1.1.2.1.1.1.1.2.1.1.1.1.1.3.1.2.1.2.2.1.2.1.1.2.1.7.4.1.2.1.1.3
132,0,96,16795907,27791126249248897280231761412093,1.4.2.1.1.2.1.1.1.1.1.1.1.1.2.1.2.1.1.1.1.1.1.1.1.1.1.3.1.4.1.1.2.1.1.1.2.1.1.1.1.2.1.1.1.1.1.3.1.2.1.2.2.1.2.1.1.2.1.7.4.1.2.1
133,0,96,15024553,7418255659310740547009277786455,2.1.1.1.1.1.3.1.1.1.1.1.1.1.1.2.2.1.1.1.1.1.1.2.2.1.1.1.1.1.2.1.1.1.1.1.2.1.1.1.4.1.1.1.2.1.2.4.1.2.1.4.1.3.1.5.1.2.4.1.1.2.1.1
134,0,96,3827241,6938493446482646642715184026839,2.1.1.1.1.2.1.1.1.2.1.1.1.1.1.2.2.1.1.2.1.1.2.1.1.4.1.1.1.1.1.1.1.1.1.1.1.1.2.2.1.1.1.1.4.1.1.1.1.4.3.1.2.1.2.1.2.3.3.1.4.3.1.1
135,0,96,16418537,16811973765787730672131816387607,2.1.1.1.2.2.2.1.3.1.1.2.1.1.1.2.1.1.2.1.1.1.2.1.1.1.1.2.2.1.1.1.2.1.1.2.1.1.1.1.1.2.1.4.2.1.1.1.1.2.1.1.1.1.2.2.1.2.2.3.1.1.1.7
136,0,96,4255881,8734819376532194536698869967479,2.1.1.2.1.1.1.2.1.2.1.1.1.2.1.1.3.1.1.1.1.1.1.1.3.1.1.1.1.1.2.3.1.1.1.1.2.1.1.1.1.1.1.1.2.1.2.2.1.2.2.2.1.1.1.1.2.3.5.3.1.1.3.3
137,0,96,13824225,14916802433133463920754334167583,2.2.1.1.1.1.1.1.3.2.1.2.1.1.2.2.1.1.2.1.2.1.2.1.1.2.3.1.1.1.1.1.1.1.1.1.2.1.2.1.1.1.3.1.1.1.2.1.1.1.1.1.2.2.1.2.1.1.7.1.1.3.1.3
138,0,96,16969617,48117193353909213905166620754799,2.3.2.2.1.1.2.1.1.2.1.2.1.1.1.1.1.1.1.1.1.2.1.3.1.1.1.1.1.2.1.1.1.1.1.1.3.1.4.1.2.1.2.1.1.1.1.1.1.1.1.1.1.2.1.1.4.3.1.1.3.2.4.2
139,0,97,9896943,6646423823832618554291891702033,1.1.1.2.1.1.3.2.1.1.1.1.1.2.1.1.1.1.1.1.2.1.1.1.1.1.2.1.1.1.2.2.1.1.1.2.2.1.2.3.1.1.1.1.1.3.1.2.1.1.3.1.2.1.3.3.2.1.3.1.1.2.1.6
140,0,97,14904175,12104633851472784730939445584273,1.1.1.2.1.3.2.1.2.1.1.3.1.1.1.1.1.2.1.1.1.1.1.2.1.1.1.1.1.1.2.2.1.2.2.1.1.1.1.1.1.1.1.1.1.4.3.2.1.1.2.1.1.2.2.2.5.1.2.2.2.3.2.1
141,0,97,19178447,10546813258458053309774160300337,1.1.1.3.1.3.1.1.1.1.2.1.2.1.1.1.1.1.2.1.1.1.1.1.1.2.1.1.1.2.1.1.2.1.2.2.1.2.1.1.1.2.2.2.1.1.2.1.1.2.1.2.4.2.1.1.2.4.1.2.4.1.1.3
142,0,97,15808463,53068706468441576342857065231665,1.1.1.3.1.5.1.1.1.1.1.1.2.1.1.1.1.1.1.3.1.3.1.2.3.3.1.1.1.2.4.2.1.1.1.1.1.1.1.1.1.1.1.1.2.1.2.1.1.1.1.1.1.1.2.1.1.1.1.1.1.9.1.2
143,0,97,16280743,10185213978656713462278944344153,1.1.2.1.2.1.1.2.2.1.3.1.1.1.2.1.2.1.1.1.1.1.1.1.2.3.1.1.1.1.1.1.1.3.1.1.2.1.1.1.1.2.1.1.1.1.4.1.4.1.2.3.1.2.1.5.1.2.1.1.1.3.2.1
144,0,97,16181815,7862145918155535425409110538953,1.1.3.1.1.1.1.2.1.2.1.1.1.1.1.2.1.1.1.1.1.1.2.1.1.1.2.1.1.2.1.2.2.1.2.1.1.1.2.2.2.1.1.2.1.1.2.1.2.4.2.1.1.2.4.1.2.4.1.1.3.2.1.2
145,0,97,7456539,6894325583207040521456559933925,1.2.1.1.1.1.1.1.1.1.1.1.1.1.1.1.1.1.1.1.1.1.1.1.2.4.1.1.2.2.2.3.1.2.4.3.3.1.1.2.1.1.1.1.1.4.1.1.2.2.1.2.4.2.1.2.1.2.1.2.1.1.2.1
146,0,97,18876187,6537982313996746288689384458725,1.2.1.1.1.1.1.1.1.1.1.1.2.3.1.1.2.2.2.1.1.1.1.1.2.1.1.1.2.1.1.2.2.1.1.1.2.1.1.1.1.7.1.2.3.2.2.1.3.1.1.3.2.1.1.1.2.1.1.2.1.3.2.1
147,0,97,13634203,8356650920759594357628320450149,1.2.1.1.1.2.1.1.3.1.1.1.1.1.1.1.3.1.1.1.1.1.2.3.1.1.1.1.2.1.1.1.1.1.1.1.2.1.2.2.1.2.2.2.1.1.1.1.2.3.5.3.1.1.3.3.1.3.3.1.1.1.1.1
148,0,97,15475179,13788134593353530030269233323797,1.2.2.1.1.1.1.2.1.1.1.2.2.1.1.3.2.1.2.1.4.1.1.1.1.2.1.1.1.2.1.1.2.1.3.1.2.1.2.3.1.2.1.1.1.1.1.2.1.1.1.1.1.1.1.1.1.1.1.1.2.6.3.3
149,0,97,8511763,14035954932771876588739890845677,1.3.1.2.1.1.1.2.1.2.1.1.1.2.1.1.3.1.1.1.1.1.1.1.3.1.1.1.1.1.2.3.1.1.1.1.2.1.1.1.1.1.1.1.2.1.2.2.1.2.2.2.1.1.1.1.2.3.5.3.1.1.3.3
150,0,97,12136361,6794644474946911859018067151703,2.1.1.1.1.1.2.1.2.1.1.1.1.1.2.1.1.1.1.1.1.2.1.1.1.2.1.1.2.1.2.2.1.2.1.1.1.2.2.2.1.1.2.1.1.2.1.2.4.2.1.1.2.4.1.2.4.1.1.3.2.1.2.2
151,0,97,581684329,28171780978102920737604467732119,2.1.1.1.3.2.1.1.2.2.1.3.1.2.1.1.2.1.2.1.1.1.1.1.2.1.1.1.1.1.2.1.4.1.1.2.1.1.1.1.1.1.2.1.1.1.2.2.1.1.1.10.1.1.1.1.1.1.4.1.1.1.2.1
152,0,97,13126793,10476677811636601549137707044471,2.1.1.2.1.1.1.1.3.2.1.1.1.1.1.1.1.1.2.4.1.1.1.3.1.1.1.1.1.1.1.1.2.1.1.1.1.1.1.1.1.1.1.4.1.1.5.1.1.1.1.7.2.2.2.1.1.2.1.3.1.1.3.1
153,0,97,11936633,13474194236287754038834444863367,2.1.2.1.1.1.2.1.1.2.2.1.2.1.1.2.1.1.2.1.4.1.1.1.3.1.1.2.1.1.1.1.2.1.1.1.1.1.3.1.1.1.1.1.3.1.1.1.1.2.1.1.1.1.1.6.1.2.3.3.2.1.1.3
154,0,97,15552253,17260130816383126182426822043651,3.1.1.1.1.2.1.2.1.2.1.1.2.2.1.1.2.1.2.1.2.1.1.2.3.1.1.1.1.1.1.1.1.1.2.1.2.1.1.1.3.1.1.1.2.1.1.1.1.1.2.2.1.2.1.1.7.1.1.3.1.3.1.3
155,0,98,19111935,4345484159898611492790174686465,1.1.1.1.1.1.1.1.1.1.1.1.2.1.3.2.1.1.4.2.1.1.1.1.1.1.1.1.1.1.1.1.1.1.1.1.1.2.4.2.1.3.2.1.2.2.2.3.2.1.1.3.1.1.2.3.2.1.2.1.4.1.3.1
156,0,98,15107519,7288126073170543765232448796481,1.1.1.1.1.2.1.1.1.1.1.2.1.1.1.1.1.1.2.2.1.2.2.1.1.1.1.1.1.1.1.1.1.4.3.2.1.1.2.1.1.2.2.2.5.1.2.2.2.3.2.1.1.5.1.3.1.1.1.1.3.1.1.1
157,0,98,5386351,5802505623822365471265987878033,1.1.1.2.1.2.1.1.1.2.1.1.3.1.1.1.1.1.1.1.3.1.1.1.1.1.2.3.1.1.1.1.2.1.1.1.1.1.1.1.2.1.2.2.1.2.2.2.1.1.1.1.2.3.5.3.1.1.3.3.1.3.3.1
158,0,98,15107303,11191181923523728780246586552345,1.1.2.1.1.2.2.1.2.1.1.2.1.1.2.1.4.1.1.1.3.1.1.2.1.1.1.1.2.1.1.1.1.1.3.1.1.1.1.1.3.1.1.1.1.2.1.1.1.1.1.6.1.2.3.3.2.1.1.3.3.1.2.1
159,0,98,8717595,5742370704165936976845502942181,1.2.1.1.1.1.1.2.1.1.1.1.1.1.1.1.2.1.1.2.1.1.1.1.2.1.1.1.1.1.1.2.2.1.1.1.4.1.4.1.1.1.1.1.1.2.4.2.1.1.1.4.5.1.4.1.1.2.2.1.1.1.5.1
160,0,98,17532883,11897681216259221083913012359469,1.3.1.1.2.1.1.1.2.1.1.2.1.1.1.2.1.1.1.1.2.2.1.1.1.2.1.1.2.1.1.1.1.1.2.1.4.2.1.1.1.1.2.1.1.1.1.2.2.1.2.2.3.1.1.1.7.3.2.1.1.3.2.1
161,0,98,18977929,8032286035846704680682448701047,2.1.1.2.1.1.1.1.1.1.1.1.1.1.1.1.1.1.2.1.1.1.2.2.1.1.1.2.1.1.1.2.1.1.2.1.1.4.2.1.1.1.2.3.4.3.1.1.3.2.1.1.3.1.2.1.4.1.3.2.1.3.1.1
162,0,98,15308965,24320289965638074086202887018075,4.1.1.1.1.2.1.1.1.2.1.1.1.1.1.2.2.1.1.2.1.1.2.1.1.4.1.1.1.1.1.1.1.1.1.1.1.1.2.2.1.1.1.1.4.1.1.1.1.4.3.1.2.1.2.1.2.3.3.1.4.3.1.1
163,0,99,18817471,5069004985386105740608123755329,1.1.1.1.1.2.1.1.3.1.1.1.1.1.1.1.1.2.1.1.2.3.1.1.1.1.3.1.1.3.1.1.1.3.2.1.2.1.1.1.1.1.2.1.1.1.1.4.1.2.2.5.1.1.1.1.2.4.2.3.1.1.3.2
164,0,99,6746351,11138886916243436053782966213649,1.1.1.2.1.1.1.1.3.1.1.1.2.1.1.1.1.1.2.1.1.1.1.1.1.1.2.1.1.1.1.3.3.1.2.1.1.1.1.1.1.1.2.1.1.1.3.3.3.3.3.3.3.3.3.3.1.2.3.1.1.1.1.1
165,0,99,16159055,10857061880939128794856441256881,1.1.1.3.2.1.1.1.2.1.1.3.1.1.1.1.1.1.1.3.1.1.1.1.1.2.3.1.1.1.1.2.1.1.1.1.1.1.1.2.1.2.2.1.2.2.2.1.1.1.1.2.3.5.3.1.1.3.3.1.3.3.1.1
166,0,99,7112475,6466522079151637887959024962021,1.2.1.1.1.1.1.1.1.1.1.1.5.1.2.1.2.1.1.1.2.1.2.1.1.1.1.2.1.2.1.2.2.2.1.1.1.1.2.1.1.1.1.2.1.1.1.1.3.1.1.1.1.1.5.6.1.1.2.1.4.1.3.3
167,0,99,8760603,7043689701772525623131012031461,1.2.1.1.1.1.1.2.2.1.1.1.3.1.1.1.1.1.1.1.1.1.1.1.1.1.1.1.3.1.2.1.1.2.1.3.1.1.1.1.1.3.2.2.1.3.3.1.2.1.4.1.1.3.2.5.1.2.1.1.2.2.2.2
168,0,99,11856347,40699564887661442547104033171237,1.2.1.1.5.1.1.1.1.1.1.2.1.1.1.1.1.1.3.1.3.1.2.3.3.1.1.1.2.4.2.1.1.1.1.1.1.1.1.1.1.1.1.2.1.2.1.1.1.1.1.1.1.2.1.1.1.1.1.1.9.1.2.4
169,0,99,6793897,13928770682109459272095987634263,2.1.1.1.1.1.1.1.1.1.1.1.1.1.2.1.1.1.1.1.1.1.1.1.1.1.1.1.2.3.1.2.1.6.1.2.1.1.1.1.1.3.1.2.1.6.1.4.3.2.1.2.1.1.4.1.5.1.2.1.1.1.1.1
170,0,99,13140905,9165605292569589542741769303895,2.1.1.1.1.1.2.2.1.1.1.3.1.1.1.1.1.1.1.1.1.1.1.1.1.1.1.3.1.2.1.1.2.1.3.1.1.1.1.1.3.2.2.1.3.3.1.2.1.4.1.1.3.2.5.1.2.1.1.2.2.2.2.1
171,0,99,8272873,7965941652057368281805563150103,2.1.1.1.2.1.1.1.1.1.2.1.1.1.1.1.1.1.1.3.1.2.1.1.1.1.1.2.1.1.1.1.2.2.1.1.2.1.1.1.3.2.1.1.1.1.1.1.3.4.1.6.2.1.3.2.1.2.5.2.1.2.1.2
172,0,99,16354953,11234382723467496085660714749047,2.1.1.2.1.1.2.1.1.1.2.2.2.1.1.1.1.1.1.2.1.2.1.2.1.1.1.1.1.2.1.1.1.1.2.2.1.1.3.1.1.1.1.1.1.2.1.8.2.1.1.2.6.1.2.1.1.2.1.1.1.4.1.2
173,0,100,8967935,3917822487635363586742014371329,1.1.1.1.1.1.1.2.1.2.1.1.1.1.1.1.1.1.1.1.3.1.4.1.1.2.1.1.1.2.1.1.1.1.2.1.1.1.1.1.3.1.2.1.2.2.1.2.1.1.2.1.7.4.1.2.1.1.3.1.1.1.3.6
174,0,100,11366015,18214150726280704609048713809537,1.1.1.1.1.1.2.1.1.1.1.1.1.1.2.1.1.1.1.1.1.1.1.2.1.1.1.3.1.1.1.1.4.1.1.1.3.1.1.1.1.2.3.4.1.2.1.2.5.1.2.3.4.5.1.2.1.2.3.1.1.1.1.1
175,0,100,13451903,4793717121420903838532448615041,1.1.1.1.1.1.2.1.2.1.1.1.1.1.1.1.1.1.1.3.1.4.1.1.2.1.1.1.2.1.1.1.1.2.1.1.1.1.1.3.1.2.1.2.2.1.2.1.1.2.1.7.4.1.2.1.1.3.1.1.1.3.6.1
176,0,100,14853567,5082208752575059291252576835393,1.1.1.1.1.2.1.1.1.1.1.1.1.1.1.3.1.1.1.1.3.1.1.1.1.1.1.1.1.1.2.1.1.2.3.2.1.1.1.1.1.5.3.1.2.1.1.2.2.2.1.1.3.5.1.5.1.2.1.2.2.2.1.3
177,0,100,14331839,7710858590282000917578985459009,1.1.1.1.1.2.1.3.2.1.1.3.1.2.1.1.1.1.1.1.1.1.2.2.2.2.1.1.1.1.1.1.1.1.1.1.1.1.1.1.2.2.1.2.1.1.1.2.3.2.1.1.1.4.5.1.3.1.2.3.2.1.1.6
178,0,100,14669215,10234623351484993556302279460705,1.1.1.1.2.1.2.1.1.1.1.1.1.1.2.3.1.1.1.1.1.1.1.3.1.1.2.1.1.1.1.2.1.1.1.1.4.1.4.1.2.3.1.2.1.5.1.2.1.1.1.3.2.1.2.1.2.5.1.3.2.1.1.1
179,0,100,13073183,7909002575812779687110151021025,1.1.1.1.2.3.1.1.1.3.1.1.1.1.2.1.1.1.1.1.1.1.1.3.1.2.1.1.1.1.1.2.1.1.1.1.2.2.1.1.2.1.1.1.3.2.1.1.1.1.1.1.3.4.1.6.2.1.3.2.1.2.5.2
180,0,100,13492703,18844090012194359622908083338017,1.1.1.1.3.1.1.1.3.1.1.1.2.1.1.1.1.1.2.1.1.1.1.1.1.1.2.1.1.1.1.3.3.1.2.1.1.1.1.1.1.1.2.1.1.1.3.3.3.3.3.3.3.3.3.3.1.2.3.1.1.1.1.1
181,0,100,18672991,18152341031725333883070393216929,1.1.1.1.5.2.1.1.1.1.1.1.1.1.1.2.2.1.1.2.1.2.2.1.2.1.1.2.1.1.1.1.1.1.1.1.2.1.1.2.1.1.1.2.1.1.1.2.1.1.1.2.4.7.4.3.1.1.2.2.2.1.1.3
182,0,100,16642543,5879401888337619952419435879185,1.1.1.2.1.1.2.1.1.1.2.1.1.1.1.2.2.1.1.1.2.1.1.2.1.1.1.1.1.2.1.4.2.1.1.1.1.2.1.1.1.1.2.2.1.2.2.3.1.1.1.7.3.2.1.1.3.2.1.1.2.1.3.3
183,0,100,19609775,10780487253687027989084653589585,1.1.1.2.3.1.1.1.3.1.1.1.1.2.1.1.1.1.1.1.1.1.3.1.2.1.1.1.1.1.2.1.1.1.1.2.2.1.1.2.1.1.1.3.2.1.1.1.1.1.1.3.4.1.6.2.1.3.2.1.2.5.2.1
184,0,100,15465415,15196900668548034871759332186425,1.1.2.2.2.1.1.1.1.1.1.1.1.1.1.1.1.1.1.1.1.1.1.1.1.3.2.1.2.3.1.2.4.1.1.1.3.1.1.1.1.4.6.1.2.1.1.1.2.1.1.1.1.1.2.7.3.1.1.1.1.1.3.1
185,0,100,17372955,5625285537819737619954363398629,1.2.1.1.1.1.1.1.1.1.2.1.2.1.1.2.1.2.2.1.1.1.1.2.1.1.1.1.1.1.1.2.1.1.1.7.1.4.1.1.2.1.1.2.2.1.1.1.1.1.3.1.4.2.2.1.1.1.3.1.1.1.3.6
186,0,101,17321599,6819514531783545706559402274433,1.1.1.1.1.1.2.1.1.1.1.2.1.1.2.1.1.1.2.1.2.1.1.2.2.1.1.1.1.1.1.1.2.1.3.3.1.2.3.1.2.3.1.1.1.1.1.2.2.2.1.1.2.4.1.7.2.1.1.3.1.2.1.3
187,0,101,15549055,27140412111598168189823230737025,1.1.1.1.1.1.2.1.2.1.1.1.1.1.1.1.1.1.4.1.1.2.1.1.1.1.1.2.2.1.1.1.1.1.1.2.1.2.3.3.1.4.2.2.1.1.2.6.1.1.1.1.2.7.2.1.3.1.1.3.1.1.1.1
188,0,101,5815535,26097382779378999813661226749969,1.1.1.2.1.1.1.1.1.5.2.1.1.1.1.1.1.2.1.1.1.1.1.1.2.1.2.3.1.1.1.1.1.1.1.1.1.1.1.1.2.1.1.1.1.2.1.2.1.4.1.3.3.7.1.4.1.7.1.2.1.1.1.1
189,0,101,13125871,32084302580238610666289354327057,1.1.1.2.1.1.1.1.2.1.1.1.1.1.1.1.1.1.1.2.1.1.3.4.1.1.1.1.1.2.2.1.1.1.3.1.1.2.1.1.1.1.1.2.1.6.4.2.1.1.1.9.2.1.1.1.5.1.1.1.1.1.1.2
190,0,101,8073063,6232489875176758611194707953049,1.1.2.1.1.1.1.1.1.1.1.1.1.1.1.3.1.2.2.1.1.1.1.2.1.1.1.2.1.1.1.1.1.1.2.1.4.2.2.1.1.1.1.2.1.2.2.1.3.2.1.3.1.2.2.4.2.2.6.1.1.3.1.3
191,0,101,17590119,12098261987616967599018159541657,1.1.2.1.1.1.1.1.1.2.1.1.1.1.1.1.6.1.1.1.1.1.1.1.1.1.1.1.1.1.1.1.1.2.3.2.1.2.1.2.1.1.3.3.5.1.1.1.7.1.2.2.1.1.1.2.1.4.3.1.1.1.1.3
192,0,101,6458471,5747599054987787949418135906457,1.1.2.1.1.1.2.1.1.1.1.1.2.2.1.1.2.1.1.2.1.1.4.1.1.1.1.1.1.1.1.1.1.1.1.2.2.1.1.1.1.4.1.1.1.1.4.3.1.2.1.2.1.2.3.3.1.4.3.1.1.2.3.4
193,0,101,16529127,22102125872546128324297163882009,1.1.2.1.1.2.1.2.1.1.2.1.1.1.1.1.1.1.2.1.1.1.2.1.1.1.1.1.1.1.1.1.1.2.1.4.2.1.1.1.5.3.6.2.1.3.1.1.1.1.4.3.1.2.2.3.1.2.1.1.1.1.2.2
194,0,101,7995675,12307757231598697179880931135461,1.2.1.1.1.1.1.3.1.1.1.3.1.1.1.2.1.1.1.1.1.2.1.1.1.1.1.1.1.2.1.1.1.1.3.3.1.2.1.1.1.1.1.1.1.2.1.1.1.3.3.3.3.3.3.3.3.3.3.1.2.3.1.1
195,0,101,14587899,9679297387393992928614104111365,1.2.1.2.1.2.1.1.2.1.1.1.1.1.1.1.1.1.3.1.1.1.1.2.1.1.1.1.1.1.1.2.1.1.1.4.1.3.1.7.1.2.3.2.1.1.1.1.1.1.1.1.2.2.1.2.1.1.1.1.7.2.3.3
196,0,101,3181803,9670741230319965219191684592661,1.2.2.1.1.2.1.1.2.1.2.1.1.1.1.1.1.1.1.1.2.1.3.1.1.1.1.1.2.1.1.1.1.1.1.3.1.4.1.2.1.2.1.1.1.1.1.1.1.1.1.1.2.1.1.4.3.1.1.3.2.4.2.9
197,0,101,18164393,12900123944352639773107539546199,2.1.1.1.1.1.1.1.1.1.1.1.1.3.1.2.2.1.1.1.1.2.1.1.1.2.1.1.1.1.1.1.2.1.4.2.2.1.1.1.1.2.1.2.2.1.3.2.1.3.1.2.2.4.2.2.6.1.1.3.1.3.1.1
198,0,101,18738057,24231529504311791527904794374007,2.1.1.2.1.2.1.1.1.1.3.1.1.1.1.2.3.1.1.1.1.1.1.1.1.2.1.1.1.1.1.1.2.1.1.1.1.2.4.1.2.2.1.3.4.1.1.1.3.1.1.2.1.5.6.1.1.1.4.1.1.1.2.1
199,0,101,18788729,10043965365235147958910460950919,2.1.2.1.1.1.1.1.2.1.1.1.1.1.1.2.1.1.1.1.1.2.1.1.1.2.2.1.1.1.2.2.1.2.3.1.1.1.1.1.3.1.2.1.1.3.1.2.1.3.3.2.1.3.1.1.2.1.6.2.2.1.5.1
200,0,101,8052025,18412102585456031166862018743751,2.1.2.2.1.1.1.1.1.1.1.1.1.1.1.1.1.2.1.1.1.1.1.1.1.1.1.1.1.1.1.2.3.1.2.1.6.1.2.1.1.1.1.1.3.1.2.1.6.1.4.3.2.1.2.1.1.4.1.5.1.2.1.1
